{
  "IcoMoonType": "selection",
  "icons": [
    {
      "icon": {
        "paths": [
          "M1237.333 0h-1109.332c-70.584 0-128.001 53.598-128.001 119.489v716.925c0 65.892 57.417 119.49 128.001 119.49h1109.332c70.579 0 128-53.598 128-119.49v-716.925c0-65.89-57.421-119.489-128-119.489zM1237.333 79.658c5.794 0 11.307 1.123 16.35 3.084l-571.017 461.993-571.023-461.993c5.042-1.958 10.557-3.084 16.354-3.084h1109.335zM1237.333 876.245h-1109.332c-23.541 0-42.668-17.852-42.668-39.834v-669.51l569.375 460.642c8.043 6.495 18 9.725 27.959 9.725s19.916-3.227 27.959-9.725l569.375-460.642v669.513c0 21.979-19.123 39.831-42.667 39.831z"
        ],
        "attrs": [
          {
            "fill": "rgb(117, 117, 117)"
          }
        ],
        "width": 1365,
        "isMulticolor": false,
        "isMulticolor2": false,
        "grid": 0,
        "tags": [
          "envelope"
        ],
        "colorPermutations": {
          "1171171171175177184125525525513315024313333331": [
            {
              "f": 1
            }
          ]
        }
      },
      "attrs": [
        {
          "fill": "rgb(117, 117, 117)"
        }
      ],
      "properties": {
        "order": 21,
        "id": 13,
        "name": "envelope",
        "prevSize": 32
      },
      "setIdx": 0,
      "setId": 2,
      "iconIdx": 3
    }
  ],
  "height": 1024,
  "preferences": {
    "showGlyphs": true,
    "showQuickUse": true,
    "showQuickUse2": true,
    "showSVGs": true,
    "fontPref": {
      "prefix": "icon-",
      "metadata": {
        "fontFamily": "icomoon"
      },
      "metrics": {
        "emSize": 1024,
        "baseline": 6.25,
        "whitespace": 50
      },
      "embed": false
    },
    "imagePref": {
      "prefix": "icon-",
      "png": true,
      "useClassSelector": true,
      "color": 0,
      "bgColor": 16777215,
      "classSelector": ".icon",
      "name": "icomoon"
    },
    "historySize": 50,
    "showCodes": true,
    "gridSize": 16
  }
}